Anna,Kowalska,28,anna.kowalska@example.com
Jan,Nowak,34,jan.nowak@example.com
Ewa,Wiśniewska,23,ewa.wisniewska@example.com
Marek,Wójcik,40,marek.wojcik@example.com
Katarzyna,Kowalczyk,29,katarzyna.kowalczyk@example.com
Piotr,Kozłowski,35,piotr.kozlowski@example.com
Agnieszka,Woźniak,31,agnieszka.wozniak@example.com
Tomasz,Kaczmarek,42,tomasz.kaczmarek@example.com
Małgorzata,Król,27,malgorzata.krol@example.com
Michał,Szymański,36,michal.szymanski@example.com
Joanna,Wiśniewski,30,joanna.wisniewski@example.com
Adam,Lewandowski,33,adam.lewandowski@example.com
Monika,Zielińska,25,monika.zielinska@example.com
Krzysztof,Nowakowski,38,krzysztof.nowakowski@example.com
Magdalena,Kaminska,32,magdalena.kaminska@example.com
Rafał,Sawicki,29,rafal.sawicki@example.com
Dorota,Ostrowska,26,dorota.ostrowska@example.com
Jakub,Czarnecki,31,jakub.czarnecki@example.com
Paulina,Pawłowska,28,paulina.pawlowska@example.com
Łukasz,Mazurek,34,lukasz.mazurek@example.com
